Crypto,Annualized_Volatility
DOGE,206.2513747275338
SOL,113.88578012709552
XRP,103.48903833435746
LINK,101.24110537434679
ADA,99.67043632394531
DOT,98.66611427195157
LTC,86.103203973909
BNB,84.19867126982055
ETH,78.82718736676746
BTC,58.46225344628625
